Compte twitter;Nom;Prénom;Type
@LaurenceAbeille;ABEILLE;Laurence;élu
@NadABOMANGOLI;ABOMANGOLI;Nadege;élu
@DominiqueAdenot;ADENOT;Dominique;élu
@maeschlimann;AESCHLIMANN;Manuel;élu
@MDoAeschlimann;AESCHLIMANN;Marie-Do;élu
@hichamaffane;AFFANE;Hicham;élu
@LeilaAichi;AÏCHI;Leila;élu
@PAidenbaum;AIDENBAUM;Pierre;élu
@eddieait_of;AÏT;Eddie;élu
@YvesAlbarello;ALBARELLO;Yves;élu
@AltmanSylvie;ALTMAN;Sylvie;élu
@Alain_Amedro;AMEDRO;Alain;élu
@MHAmiable;AMIABLE;Marie-Hélène;élu
@sergeancelot;ANCELOT;Serge;élu
@AlineArchimbaud;ARCHIMBAUD;Aline;élu
@arciero95;ARCIERO;Anthony;élu
@CatherineArenou;ARENOU;Catherine;élu
@ElianeAssassi;ASSASSI;Éliane;élu
@TAssouline;ASSOULINE;Tania;élu
@MichAssouline;ASSOULINE ;Michèle;élu
@dassouline;ASSOULINE ;David;élu
@MHAubert2015;AUBERT;Marie-Hélène;élu
@pauriacombe;AURIACOMBE;Pierre;élu
@alainauzet;AUZET;Alain;élu
@AziereEric;AZIERE;Eric;élu
@NadiaAzoug;AZOUG;Nadia;élu
@PierreA_Babeau;BABEAU;Pierre-Adrien;élu
@marinettebache;BACHE;Marinette;élu
@ABachelay;BACHELAY;Alexis;élu
@PierreBacque;BACQUE;Pierre;élu
@denisbadre;BADRE;Denis;élu
@mpbadre;BADRE;Marie-Pierre;élu
@pcbaguet;BAGUET;Pierre-Christophe;élu
@BAILLYDominique;BAILLY;Dominique;élu
@BalasGuillaume;BALAS;Guillaume;élu
@Baratti_Elbaz;BARATTI-ELBAZ;Catherine ;élu
@JulienBargeton;BARGETON;Julien;élu
@claudebartolone;BARTOLONE;Claude;élu
@karinebastier;BASTIER;Karine;élu
@gillesbattailt;BATTAIL;Gilles;élu
@Denis_Baupin;BAUPIN;Denis;élu
@Bavay;BAVAY;Francine;élu
@julienbayou;BAYOU;Julien;élu
@paulbazin;BAZIN;Paul;élu
@beaudetstephane;BEAUDET;Stéphane;élu
@pascalbeaudet;BEAUDET;Pascal;élu
@P_Beaudouin;BEAUDOUIN;Patrick;élu
@ManuBecker;BECKER;Emmanuelle;élu
@PBedier2013;BEDIER;Pierre;élu
@CamilleBedin;BEDIN;Camille;élu
@BBEDREDDINE;BEDREDDINE;Belaïde;élu
@rvbegue;BEGUE;Hervé;élu
@BELJeanFrancois;BEL;Jean-François;élu
@gilmau;BELLAÏCHE;Gilles-Maurice;élu
@SBellecourt;BELLECOURT;Sylvie;élu
@david_belliard;BELLIARD;David;élu
@PBell_llochCG94;BELL-LLOCH;Pierre;élu
@PierreBemels;BEMELS;Pierre;élu
@Benhibatarek;BEN HIBA;Tarek;élu
@PhilipBenassaya;BENASSAYA;Philippe;élu
@EstherBenbassa;BENBASSA;Esther;élu
@FabienBenedic;BENEDIC;Fabien;élu
@YaminaBenguigui;BENGUIGUI;Yamina;élu
@chberaud;BERAUD;Christian;élu
@ericberdoati;BERDOATI;Eric;élu
@PervencheBeres;BERES;Pervenche;élu
@jdbrg;BERGER;Jean-Didier;élu
@sy_berrios;BERRIOS;Sylvain;élu
@michel_berson;BERSON;Michel;élu
@PhilBerthon;BERTHON;Philippe;élu
@FloBerthout_05;BERTHOUT;Florence;élu
@brunobeschizza;BESCHIZZA;Bruno;élu
@PatriceBessac;BESSAC;Patrice;élu
@Helenebidard ;BIDARD;Hélène;élu
@CathyBissonnier;BISSONNIER;Cathy;élu
@blandiot_faride;BLANDIOT-FARIDE;Charlotte;élu
@Celia_Blauel;BLAUEL;Célia;élu
@jpblazy;BLAZY;Jean-Pierre;élu
@gybloch;BLOCH;Gypsie;élu
@pbloche;BLOCHE;Patrick;élu
@bluteaujm;BLUTEAU;Jean-Michel;élu
@yboedec2014;BOEDEC;Yannick;élu
@JulieBoillot;BOILLOT;Julie;élu
@NicolasBonnetO ;BONNET-OULALDJ;Nicolas;élu
@EricBONNOMET;BONNOMET;Eric;élu
@bonzani2014;BONZANI;Laurence;élu
@Maryvonneboquet;BOQUET;Maryvonne;élu
@nicolasbougeard;BOUGEARD;Nicolas;élu
@Alix_Bougeret;BOUGERET;Alix;élu
@geoffroyboulard;BOULARD;Geoffroy;élu
@CBE16;BOULAY-ESPERONNIER;Céline;élu
@MoniqueBourdier;BOURDIER;Monique;élu
@pybournazel;BOURNAZEL;Pierre-Yves;élu
@JacquesBoutault;BOUTAULT;Jacques;élu
@MalekBoutih;BOUTIH;Malek;élu
@Ludoboutillier;BOUTILLIER;Ludovic;élu
@christineboutin;BOUTIN;Christine;élu
@NadiaBrahimi;BRAHIMI;Nadia;élu
@PBraouezec;BRAOUEZEC;Patrick;élu
@brau_sonia;BRAU;Sonia;élu
@nbricq;BRICQ;Nicole;élu
@Ph_Brillault;BRILLAULT;Philippe;élu
@NicoleBristolM;BRISTOL;Nicole;élu
@JB_BROS;BROS;Jean-Bernard;élu
@IanBrossat;BROSSAT;Ian;élu
@LaurentBrosse;BROSSE;Laurent;élu
@CBrossel;BROSSEL;Colombe;élu
@jeanmarcbrule;BRULÉ;Jean-Marc;élu
@ch_brun;BRUN;Charlotte;élu
@chantalbrunel;BRUNEL;Chantal;élu
@dburkli;BURKLI;Delphine;élu
@f_calandra;CALANDRA;Frédérique;élu
@CamoPhilippe;CAMO;Philippe;élu
@AnneCapiaux;CAPIAUX;Anne;élu
@Claude_Capillon;CAPILLON;Claude;élu
@CARANTOIS;CARANTOIS;Véronique;élu
@CCaresche;CARESCHE;Christophe;élu
@carpentierjn;CARPENTIER;Jean-Noël;élu
@FCarreyConte;CARREY-CONTE;Fanélie;élu
@GillesCarrez;CARREZ;Gilles;élu
@luccarvounas;CARVOUNAS;Luc;élu
@gillescatoire;CATOIRE;Gilles;élu
@NCaux2014;CAUX;Nicolas;élu
@JeanMarieCAVADA;CAVADA;Jean-Marie;élu
@Joelle_CR;CECCALDI-RAYNAUD;Joëlle;élu
@frank_cecco;CECCONI;Frank;élu
@ericcesari;CESARI ;Eric;élu
@SCeyrac;CEYRAC;Sylvie;élu
@maire_vulaines;CHADAILLAT;Patrick;élu
@JJmscha;CHANUSSOT;Jean-Marc;élu
@oc_cesson;CHAPLET;Olivier;élu
@RgisCHARBONNIER;CHARBONNIER;Régis;élu
@SCharnoz;CHARNOZ;Sandrine;élu
@jechartier;CHARTIER;Jérôme;élu
@a_chauprade;CHAUPRADE;Aymeric;élu
@pascalcherki;CHERKI;Pascal;élu
@erchev;CHEVAILLIER;Eric;élu
@ChevignyM;CHEVIGNY;Maurice;élu
@HerveChevreau;CHEVREAU;Hervé;élu
@chikouchemoh;CHIKOUCHE;Mohamed;élu
@fchouat;CHOUAT;Francis;élu
@StephanieChupin;CHUPIN;Stéphanie;élu
@oclodong;CLODONG;Olivier;élu
@LaurenceCohen94;COHEN;Laurence;élu
@romaincolas;COLAS;Romain;élu
@colladopascal;COLLADO;Pascal;élu
@fcollet92;COLLET;Frédérique;élu
@Yves_Contassot;CONTASSOT;Yves;élu
@jf_cope;COPE;Jean-François;élu
@COPPIKatia;COPPI;Katia;élu
@BerCoquard;COQUARD;Bertrand;élu
@ericcoquerel;COQUEREL;Eric;élu
@ACORDEBARD;CORDEBARD;Alexandra;élu
@Corneille77;CORNEILLE;Bernard;élu
@GrardCosme;COSME;Gérard;élu
@emmacosse;COSSE;Emmanuelle;élu
@SylvieCouchot;COUCHOT;Sylvie;élu
@LaurenceB94;COULON;Laurence;élu
@jerome_coumet;COUMET;Jérôme;élu
@DaSilvaCarlos91;DA SILVA;Carlos;élu
@FrancoisDagnaud;DAGNAUD;François;élu
@SeybahDagoma;DAGOMA;Seybah;élu
@philippedallier;DALLIER;Philippe;élu
@DamiatiMichael;DAMIATI;Michaël;élu
@LDarcos;DARCOS;Laure;élu
@ClaudeDargent15;DARGENT;Claude;élu
@VirginieDaspet;DASPET;Virginie;élu
@datirachida;DATI;Rachida;élu
@jrdavin;DAVIN;Jean Roger;élu
@AdeBourrousse;DE BOURROUSSE;Arnaud;élu
@lndeco;DE COMARMOND;Hélène;élu
@2courson;DE COURSON ;Arnaud;élu
@odelafr;DE LA FAIRE;Olivier;élu
@FdeMazieres;DE MAZIERES;François;élu
@SylvainDeSmet;DE SMET;Sylvain;élu
@B78210;DEBAIN;Bernard;élu
@Bernard_Debre;DEBRE;Bernard;élu
@V_Delahaye;DELAHAYE;Vincent;élu
@williamdelannoy;DELANNOY;William;élu
@FDelapierre;DELAPIERRE;François;élu
@odelaporte;DELAPORTE;Olivier;élu
@MDelessard2014;DELESSARD;Monique;élu
@Damiendelrue;DELRUE;Damien;élu
@CDemuynck;DEMUYNCK;Christian;élu
@DERROUET;DERROUET;David;élu
@sdeschiens;DESCHIENS;Sophie;élu
@DescrouetPhil;DESCROUET;Philippe;élu
@jeandesessard;DESESSARD;Jean;élu
@DevedjianP;DEVEDJIAN;Patrick;élu
@jdHAUTESERRE;D'HAUTESERRE;Jeanne;élu
@DhorbaitGuy;DHORBAIT;Guy;élu
@Tony_Di_Martino;DI MARTINO;Tony;élu
@GeoffroyDidier;DIDIER;Geoffroy;élu
@FDiehlmann;DIEHLMANN;Françoise;élu
@LeilaDiri;DIRI;Leïla;élu
@DanielDometz;DOMETZ;Daniel;élu
@PhDominati;DOMINATI;Philippe;élu
@DOSNEOlivier;DOSNE;Olivier;élu
@pdoucet;DOUCET;Philippe;élu
@H_Doucoure;DOUCOURE;Hatouma;élu
@DDouillet;DOUILLET;David;élu
@dousset2014;DOUSSET;Didier;élu
@juliendray;DRAY;Julien;élu
@CjduboisDubois;DUBOIS;Christine;élu
@democratep;DUBREUIL;Pierre;élu
@jeromedubus;DUBUS;Jérôme;élu
@MaireBoulains;DUCELIER;André;élu
@PhilippeDUCLOUX;DUCLOUX ;Philippe;élu
@CecileDuflot;DUFLOT;Cécile;élu
@JmdDuhamel;DUHAMEL;Jean-Marie;élu
@catherine_dumas;DUMAS ;Catherine;élu
@DumoulinCecile;DUMOULIN;Cécile;élu
@ADUPONCHEL;DUPONCHEL;Angèle;élu
@dupontaignan;DUPONT-AIGNAN;Nicolas;élu
@christiandupuy;DUPUY;Christian;élu
@DurandEELV;DURAND;Pascal;élu
@durovray;DUROVRAY;François;élu
@VincentEBLE;EBLE;Vincent;élu
@MyriamElKhomri;EL KHOMRI;Myriam;élu
@jp_enjalbert;ENJALBERT;Jean-Pierre;élu
@AudeEvin;EVIN;Aude;élu
@AdeFressenel;EVREN;Agnès;élu
@Mob77Yb;FABRE;Bernard;élu
@NathFANFANT;FANFANT;Nathalie;élu
@faureolivier;FAURE;Olivier;élu
@feldzer;FELDZER;Gérard;élu
@RemiFeraud;FERAUD;Rémi;élu
@MireilleFerri;FERRI;Mireille;élu
@FrancoisFillon;FILLON;François;élu
@leafiloche;FILOCHE;Léa;élu
@DidierFischer1;FISCHER;Didier;élu
@JosianeFischer;FISCHER;Josiane;élu
@PFond78;FOND;Pierre;élu
@JMFourgous;FOURGOUS;Jean-Michel;élu
@fournierghisl1;FOURNIER;Ghislain;élu
@bfrancois_EELV;FRANCOIS;Bastien;élu
@christine_frey1;FREY;Christine;élu
@JCFromantin;FROMANTIN;Jean-Christophe;élu
@afafgabelotaud;GABELOTAUD;Afaf;élu
@PierreGaboriau;GABORIAU;Pierre;élu
@dgabriel92;GABRIEL;Denis;élu
@fgaillanne;GAILLANNE;Fanny;élu
@AudreyGalland;GALLAND;Audrey;élu
@EdithGallois;GALLOIS;Edith;élu
@FrancoisGARAY;GARAY;François;élu
@GGarestier;GARESTIER;Grégory;élu
@PierreGarzon ;GARZON;Pierre;élu
@maudgatel;GATEL;Maud;élu
@Gatignon_Steph;GATIGNON;Stéphane;élu
@AndreGattolin;GATTOLIN;André;élu
@bgauducheau;GAUDUCHEAU;Bernard;élu
@GautryJC;GAUTRY;Jean-Claude;élu
@GehinJanick;GEHIN;Janick;élu
@armellegendarme;GENDARME;Armelle;élu
@GENOTClaude;GENOT;Claude;élu
@GuyGeoffroy;GEOFFROY;Guy;élu
@jmgermain;GERMAIN;Jean-Marc;élu
@danielegiazzi;GIAZZI;Danièle;élu
@AGillmann;GILLMANN;Aurore;élu
@DominiqueGillot;GILLOT;Dominique;élu
@cgirard;GIRARD;Christophe;élu
@MireilleGitton;GITTON;Mireille;élu
@JGleizes;GLEIZE;Jérôme;élu
@ClaudeGoasguen;GOASGUEN;Claude;élu
@GoldbergDaniel;GOLDBERG;Daniel;élu
@LGoldgrab;GOLDGRAB;Laurence;élu
@mpdelagontrie;GONTRIE (DE LA);Marie-Pierre;élu
@ziadoux;GOUDJIL;Ziad;élu
@NicoleGoueta;GOUETA;Nicole;élu
@Philippe_Goujon;GOUJON;Philippe;élu
@AGovciyan;GOVCIYAN;Alexis;élu
@sgrandgambe;GRANDGAMBE;Sandrine;élu
@egregoire;GREGOIRE;Emmanuel ;élu
@NadegeGrosbois;GROSBOIS;Nadège;élu
@JeromeGuedj;GUEDJ;Jérôme;élu
@MurielGuenoux;GUENOUX;Muriel;élu
@Guerin_Serge;GUERIN;Serge;élu
@antoinetteguhl;GUHL;Antoinette;élu
@elisabethguigou;GUIGOU;Élisabeth;élu
@didierguillaume;GUILLAUME;Didier;élu
@marie_celie;GUILLAUME;Marie-Célie;élu
@jjguillet;GUILLET;Jean-Jacques;élu
@YannickGuillo;GUILLO;Yannick;élu
@Didguillot;GUILLOT;Didier;élu
@daniel_guiraud;GUIRAUD;Daniel;élu
@guyard77310;GUYARD;Jérome;élu
@Francoishaab;HAAB;François;élu
@RHammadi;HAMMADI;Razzy;élu
@benoithamon;HAMON;Benoît;élu
@MathieuHanotin;HANOTIN;Mathieu;élu
@xavierHaquin;HAQUIN;Xavier;élu
@marielaureharel;HAREL;Marie-Laure;élu
@EricHelard;HELARD;Eric;élu
@HarvStev;HERVE;Stéphen;élu
@Anne_Hidalgo;HIDALGO;Anne;élu
@Fredhoc;HOCQUARD;Frédéric;élu
@hodentt;HODENT;Thierry;élu
@honore18e;HONORE;Christian;élu
@PhHoudaille;HOUDAILLE;Philippe;élu
@BHouillon;HOUILLON;Bertrand;élu
@PHouillon;HOUILLON;Philippe;élu
@jphuchon;HUCHON;Jean-Paul;élu
@RobertHueOff;HUE;Robert;élu
@humbert_th;HUMBERT;Thibault;élu
@jchusson;HUSSON;Jean-Claude;élu
@JeanJacquesHyes;HYEST;Jean-Jacques;élu
@jeromeimpe;IMPELLIZZIERI;Jérôme;élu
@jacobaurore;JACOB;Aurore;élu
@elvirajaouen;JAOUEN;Elvira;élu
@sir_rodin78;JAUNET;Suzanne;élu
@VincentJEANBRUN;JEANBRUN;Vincent;élu
@Jp_Jeandon;JEANDON;Jean-Paul;élu
@yvesjego;JEGO;Yves;élu
@AJohnson94000;JOHNSON;Abraham;élu
@olga_johnson;JOHNSON;Olga;élu
@ThomasJoly60;JOLY;Thomas;élu
@EvaJoly;JOLY;Eva;élu
@BernardJomier;JOMIER;Bernard;élu
@Chantal_Jouanno;JOUANNO;Chantal;élu
@PJulien18;JULIEN;Pascal;élu
@BrunoJulliard;JULLIARD;Bruno;élu
@CarinneJuste;JUSTE;Carinne;élu
@philippejuvin;JUVIN;Philippe;élu
@francoiskalfon;KALFON;François;élu
@P_Kaltenbach;KALTENBACH;Philippe;élu
@PierreKanuty;KANUTY;Pierre;élu
@karampatrick;KARAM;Patrick;élu
@RKaroutchi;KAROUTCHI;Roger;élu
@NabilaKeramane;KERAMANE;Nabila;élu
@BertrandKern;KERN;Bertrand;élu
@OlivierKlein93;KLEIN;Olivier;élu
@PKlugman;KLUGMAN;Patrick;élu
@PKOMITES;KOMITES;Pénélope;élu
@Kone_Fatou;KONE;Fatoumata;élu
@nk_m;KOSCIUSKO-MORIZET;Nathalie;élu
@jakossowski;KOSSOWSKI;Jacques;élu
@HellaKR;KRIBI-ROMDHANE;Hella;élu
@brigitte_kuster;KUSTER;Brigitte;élu
@VLacroute;LACROUTE;Valérie;élu
@L_Lafon;LAFON;Laurent;élu
@JeanLafont;LAFONT;Jean;élu
@ALamassoure;LAMASSOURE;Alain;élu
@JF_Lamour;LAMOUR;Jean-François;élu
@emmanuellamy;LAMY;Emmanuel;élu
@lamy_f;LAMY;François;élu
@pierrelaporte93;LAPORTE;Pierre;élu
@gerard_larcher;LARCHER;Gérard;élu
@laroche_f;LAROCHE;Florence;élu
@larrouturou;LARROUTUROU;Pierre;élu
@AnneLaunay;LAUNAY;Anne;élu
@jluc_laurent;LAURENT;Jean-Luc;élu
@laurent_sceaux;LAURENT;Philippe;élu
@PLequiller;LAURENT;Jean-Luc;élu
@plaurent_pcf;LAURENT;Pierre;élu
@ThomasLauret16;LAURET;Thomas;élu
@FatLazreg;LAZREG;Fatna;élu
@F_LeBohellec;LE BOHELLEC;Franck;élu
@NolwennLEBOUTER;LE BOUTER;Nolwenn;élu
@gilles_lecam;LE CAM;Gilles;élu
@clegrip;LE GRIP;Constance;élu
@jm_leguen;LE GUEN;Jean-Marie;élu
@PatrickLeHyaric;LE HYARICK;Patrick;élu
@lelagadecjeanni;LE LAGADEC;Jeannick;élu
@leneouannic;LE NEOUANNIC;Pascale;élu
@BrunoLeRoux;LE ROUX;Bruno;élu
@OLebrun78;LEBRUN;Olivier;élu
@LLechatellier;LECHATELLIER;Laure;élu
@patrice_leclerc;LECLERC;Patrice;élu
@jp_lecoq;LECOQ ;Jean Pierre;élu
@F_Lecoufle;LECOUFLE;Françoise;élu
@BeaLecouturier;LECOUTURIER;Béatrice;élu
@LECUYERCatherin;LECUYER;Catherine;élu
@FLefebvre_UMP;LEFEBVRE;Frédéric;élu
@LefebvrePS;LEFEBVRE;Dominique;élu
@legrandaugustin;LEGRAND;Augustin;élu
@EricLejoindre;LEJOINDRE;Eric;élu
@LellouchePierre;LELLOUCHE;Pierre;élu
@Xavier_Lemoine;LEMOINE;Xavier;élu
@annick_lepetit;LEPETIT;Annick;élu
@PLequiller;LEQUILLER;Pierre;élu
@DLesparre;LESPARRE;Dominique;élu
@dan2vel;LEVEL;Daniel;élu
@jmLevesqueOsny;LEVESQUE;Jean-Michel;élu
@VeroLevieux;LEVIEUX;Véronique;élu
@mnlienemann;LIENEMANN;Marie-Noëlle;élu
@mplimoge;LIMOGE;Marie-Pierre;élu
@MarcLipountz;LIPINSKI;Marc;élu
@AlainLorand2014;LORAND;Alain;élu
@mariannelouis;LOUIS;Marianne;élu
@ylubraneski;LUBRANESKI;Yvan;élu
@rogermadec;MADEC;Roger;élu
@CelineMalaise;MALAISE;Céline;élu
@GuyMalandain;MALANDAIN;Guy;élu
@06Malherbe;MALHERBE;Guy;élu
@mmancel;MANCEL;Marc-Pierre;élu
@AMancipoz;MANCIPOZ;André;élu
@NathalieMaquoi;MAQUOI;Nathalie;élu
@e_marcadet_bray;MARCADET;Emmanuel;élu
@FranckMargain;MARGAIN;Franck;élu
@FMULIS;MARHUENDA;Françoise;élu
@franckmarlin;MARLIN;Franck;élu
@severinemaroun;MAROUN;Séverine;élu
@bmarquaille;MARQUAILLE;Benoît;élu
@jeanlouismarsac;MARSAC;Jean-Louis;élu
@paul_martinez78;MARTINEZ;Paul;élu
@mgvlg;MASSOU;Gabriel;élu
@emmanuelmaurel;MAUREL;Emmanuel;élu
@S_Mazetier;MAZETIER;Sandrine;élu
@dmbanza;MBANZA;David;élu
@nmeary;MEARY;Nicolas;élu
@carolinemecary;MECARY;Caroline;élu
@sandrinemees;MEES;Sandrine;élu
@fmehal;MEHAL;Fadila;élu
@MehlhornEric;MEHLHORN;Eric;élu
@ThierryMeignen;MEIGNEN;Thierry;élu
@colettemelot;MÉLOT;Colette;élu
@jbmenguy75015;MENGUY;Jean-Baptiste;élu
@emercier14;MERCIER;Etienne;élu
@PhMetezeau;METEZEAU;Philippe;élu
@NadiaMetref;METREF;Nadia;élu
@SmeurantL;MEURANT;Sébastien;élu
@marielauremeyer;MEYER;Marie-Laure;élu
@DeputeMIGNON;MIGNON;Jean-Claude;élu
@MelunCap2020;MILLET;Gérard;élu
@smirambe;MIRAMBEAU;Stéphane;élu
@jlmissika;MISSIKA;Jean-Louis;élu
@smissoffe;MISSOFFE;Ségolène;élu
@fmolossi93;MOLOSSI;Frédéric;élu
@sylviemoncheco1;MONCHECOURT;Sylvie;élu
@ClaireMonod;MONOD;Claire;élu
@VMontandon;MONTANDON;Valérie;élu
@PierreMorange;MORANGE;Pierre;élu
@JoelleMorel11;MOREL;Joelle;élu
@j2morer;MORER;Jean-Michel;élu
@GMothron;MOTHRON;Georges;élu
@MounouryJ;MOUNOURY;Jeannick;élu
@FloreMUNCK;MUNCK;Flore;élu
@D_Munzer;MUNZER;Deborah;élu
@RMuzeau;MUZEAU;Remi;élu
@ValerieNahmias;NAHMIAS;Valérie;élu
@C_Najdovski;NAJDOVSKI;Christophe;élu
@Celine;NETTHAVONGS;Céline;élu
@JeanMarcNicolle;NICOLLE;Jean-Marc;élu
@nicolas_nordman;NORDMAN;Nicolas;élu
@pascalnoury;NOURY;Pascal;élu
@juliiiie;NOUVION;Julie;élu
@Occis2014;OCCIS;Francine;élu
@KARLOLIVE;OLIVE;Karl;élu
@Annick_Olivier;OLIVIER;Annick;élu
@OlivierMaud;OLIVIER;Maud;élu
@patrick_ollier;OLLIER;Patrick;élu
@OrtegaPelletier;ORTEGA-PELLETIER;Clément;élu
@oules33;OULES;Marcel;élu
@NawelOumer;OUMER;Nawel;élu
@HenriPailleux;PAILLEUX;Henri;élu
@MichelPajon;PAJON;Michel;élu
@ppannetier;PANNETIER;Patrice;élu
@francisparny;PARNY;Francis;élu
@JeanMarcPasquet;PASQUET;Jean-Marc;élu
@vpaulpetit;PAUL-PETIT;Vincent;élu
@deborahpawlik;PAWLIK;Déborah;élu
@armandpayet;PAYET;Armand;élu
@LilianePays;PAYS;Liliane;élu
@Fpechenard;PECHENARD;Frédéric;élu
@vpecresse;PÉCRESSE;Valérie;élu
@pelletant;PELLETANT;François;élu
@JFPellissier;PELLISSIER;Jean-François;élu
@PhilippePemezec;PEMEZEC;Philippe;élu
@maopeninou;PENINOU;Mao;élu
@AtanaseParis20;PERIFAN;Atanase;élu
@IsaPerigault;PERIGAULT;Isabelle;élu
@jacquesperreux;PERREUX;Jacques;élu
@YannPetel;PETEL;Yann;élu
@carine_petit;PETIT;Carine;élu
@FredPetitta;PETITTA;Frédéric;élu
@ugopezzetta;PEZZETTA;Ugo;élu
@cpicardmalak;PICARD;Catherine;élu
@JVPlace;PLACÉ;Jean-Vincent;élu
@ElisabethPochon;POCHON;Elisabeth;élu
@GPoiraultGauvin;POIRAULT-GAUVIN;Géraldine;élu
@jfpoisson78;POISSON;Jean-Frédéric;élu
@OliviaPolski;POLSKI;Olivia;élu
@RaymondPommet;POMMET;Raymond;élu
@AxelPoniatowski;PONIATOWSKI;Axel;élu
@pascalpopelin;POPELIN;Pascal;élu
@FlorencePortell;PORTELLI;Florence;élu
@JcPoulet;POULET;Jean-Christophe;élu
@MichelPouzol;POUZOL;Michel;élu
@YvesPDB;POZZO di BORGO;Yves;élu
@frdriquepradier;PRADIER;Frédérique;élu
@DPremel;PREMEL;Danièle;élu
@sophieprimas;PRIMAS;Sophie;élu
@raphaelleprimet;PRIMET;Rapahaëlle;élu
@CProcaccia;PROCACCIA;Catherine;élu
@ProviniSandra;PROVINI;Sandra;élu
@BrigittePUECH;PUECH;Brigitte;élu
@AlexandrePueyo;PUEYO;Alexandre;élu
@GeorgesPujals;PUJALS;Georges;élu
@fpupponi;PUPPONI;François;élu
@bricerabaste;RABASTE;Brice;élu
@stefraffalli;RAFFALLI;Stéphane;élu
@robinreda;REDA;Robin;élu
@solred78;RENARD;Sophie;élu
@cdallonnes;REVAULT D'ALLONNES - BONNEFOY;Christine;élu
@rezeg_hamida;REZEG;Hamida;élu
@RafikaREZGUI;REZGUI;Rafika;élu
@HuguesRIBAULT;RIBAULT;Hugues;élu
@CatherineRibes;RIBES;Catherine;élu
@MarieRichard77;RICHARD;Marie;élu
@ArnaudRichard_;RICHARD;Arnaud;élu
@franckriester;RIESTER;Franck;élu
@BRigault;RIGAULT;Bernard;élu
@sophierigault;RIGAULT;Sophie;élu
@Rihan_Cypel;RIHAN CYPEL;Eduardo;élu
@prio91350;RIO;Philippe;élu
@richardrivaud;RIVAUD;Richard;élu
@LaurentRIVOIRE;RIVOIRE;Laurent;élu
@C_Robache;ROBACHE;Christian;élu
@vincentroger754;ROGER;Vincent;élu
@GilbertROGER_93;ROGER;Gilbert;élu
@JeanLucRomero;ROMERO;Jean-Luc;élu
@robertoadrian;ROMERO;Roberto;élu
@PhilippeRouleau;ROULEAU;Philippe;élu
@ericroulot;ROULOT;Eric;élu
@rousseautrocy;ROUSSEAU;Arnaud;élu
@cocoruf;RUFET;Corinne;élu
@MustaSaadi;SAADI;Mustapha;élu
@Michele_SABBAN;SABBAN;Michèle;élu
@psainsard;SAINSARD;Philippe;élu
@stephaneSALINI;SALINI;Stéphane;élu
@SalvaggioTony;SALVAGGIO;Tony;élu
@isasantiago_94;SANTIAGO;Isabelle;élu
@NorbertSantin;SANTIN;Norbert;élu
@ASantini_UDI;SANTINI;André;élu
@jl_santini;SANTINI;Jean-Luc;élu
@rosesarkissian;SARKISSIAN;Roseline;élu
@desarnez;SARNEZ (de);Marielle;élu
@EvaSasAN;SAS;Eva;élu
@MounirSatouri;SATOURI;Mounir;élu
@PSavoldelli94 ;SAVOLDELLI;Pascal;élu
@murielscolan;SCOLAN;Muriel;élu
@GSeimbille;SEIMBILLE;Gérard;élu
@jysenant;SENANT;Jean-Yves;élu
@PierreSerne;SERNE;Pierre;élu
@jushbb;SHAN;Judith;élu
@Aurelie_Solans;SOLANS ;Aurélie;élu
@solere92;SOLÈRE;Thierry;élu
@JulieSOMMARUGA;SOMMARUGA;Julie;élu
@elodiesornay;SORNAY;Elodie;élu
@alisoumare;SOUMARE;Ali;élu
@annesouyris;SOUYRIS;Anne;élu
@StabileD;STABILE;Dominique;élu
@LucStrehaiano;STREHAIANO;Luc;élu
@StudniaSNB;STUDNIA;Gilles;élu
@PSubrini;SUBRINI;Paul;élu
@PhilippeSueur;SUEUR;Philippe;élu
@LouSzyszka;SZYSZKA;Jean-Lou;élu
@Atachene;TACHENE;Anne;élu
@AzzedineTAIBI;TAIBI;Azzedine;élu
@Karentaieb4;TAIËB;Karen;élu
@tamatamarieme;TAMATA-VARIN;Marième;élu
@Sylvain_TANGUY;TANGUY;Sylvain;élu
@ATaquillain;TAQUILLAIN;Aurélie;élu
@CatherineTasca;TASCA;Catherine;élu
@didier_tassin;TASSIN;Didier;élu
@Ph_Tautou;TAUTOU;Philippe;élu
@JeanMarieTetart;TETART;Jean-Marie;élu
@PascalThevenot;THEVENOT;Pascal;élu
@ThibaultMagalie;THIBAULT;Magalie;élu
@JLTHIERIOT;THIERIOT;Jean-Louis;élu
@claudin89286115;THOMAS;Claudine;élu
@OlivierThomas_;THOMAS;Olivier;élu
@S_Thomassin;THOMASSIN;Sylvine;élu
@D_Tiberi;TIBERI;Dominique;élu
@joaquimtimoteo;TIMOTEO;Joaquim;élu
@SergioTinti1;TINTI;Sergio;élu
@LudovicToro;TORO;Ludovic;élu
@HerveTouguet;TOUGUET;Hervé;élu
@toulmet_patrick;TOULMET;Patrick;élu
@jltouly;TOULY;Jean-Luc;élu
@TOUZETalexandre;TOUZET;Alexandre;élu
@Patrick_Tremege;TREMEGE;Patrick;élu
@yannicktrigance;TRIGANCE;Yannick;élu
@StephanTroussel;TROUSSEL;Stéphane;élu
@danielvaillant;VAILLANT;Daniel;élu
@fvallee2014;VALLEE;Fabien;élu
@martinevalleton;VALLETON;Martine;élu
@fredvalletoux;VALLETOUX;Frédéric;élu
@CorinneValls;VALLS;Corinne;élu
@VANDEWALLEYves;VANDEWALLE;Yves;élu
@LaurentVastel;VASTEL;Laurent;élu
@FVauglin;VAUGLIN;François;élu
@PaulineVeron;VERON;Pauline;élu
@dversini;VERSINI;Dominique;élu
@A_Vesperini;VESPERINI;Alexandre;élu
@AVeyssiere;VEYSSIERE;André;élu
@MichelVialay;VIALAY;Michel;élu
@jfvigier;VIGIER;Jean-François;élu
@FrVigouroux;VIGOUROUX;Francisque;élu
@JMVilain;VILAIN;Jean-Marie;élu
@MicheleVitracP;VITRAC-POUZOULET;Michèle;élu
@louisvogel;VOGEL;Louis ;élu
@sve83;VON EUW;Stéphanie;élu
@g_vuilletet;VUILLETET;Guillaume;élu
@LucWattelle;WATTELLE;Luc;élu
@YannWehrling;WEHRLING;Yann;élu
@JulienWeil;WEIL;Julien;élu
@g_wortham;WORTHAM;Geneviève;élu
@ramayade;YADE;Rama;élu
@YonkeuAmigo2;YONKEU;Amigo;élu
@eyonnetSenat;YONNET;Evelyne;élu
@hzoughebi;ZOUGHEBI;Henriette;élu
@LeParisienMag;Le Parisien Magazine;-;média
@leParisien_pol;LeParisien Politique;-;média
@LeParisien_Eco;Le Parisien Economie;-;média
@LP_MaTerre;Le Parisien Ma Terre;-;média
@LeParisien_75;La Parisien Paris;-;média
@LeParisien_93;Le Parisien | 93;-;média
@LeParisien_94;Le Parisien | 94;-;média
@LeParisien_92;Le Parisien | 92;-;média
@LeParisien_95;Le Parisien | 95;-;média
@LeParisien_77;Le Parisien | 77;-;média
@LeParisien_78;Le Parisien | 78;-;média
@LeParisien_91;Le Parisien | 91;-;média
@SeineSDenisActu;Seine-St-Denis Actu;-;média
@YvelinesActu;YvelinesActu;-;média
@HtSeineActu;Hauts-de-Seine Actu;-;média
@ParisActu;Paris Actu;-;média
@EssonneActu;Essonne Actu;-;média
@SeineMarneActu;Seine-et-Marne Actu;-;média
@ValDeMarneActu;Val-de-Marne Actu;-;média
@ValDOiseActu;Val d'Oise Actu;-;média
@chartier_michel;CHARTIER;Michel;élu
@JJ_Jegou;JEGOU;Jean-Jacques;élu
